Results, 
Num Items, 10
Random Seed, 1
Liste Time, 0.011182144694218283
ListeTriee Time, 0.011884133292445573
Dict Time, 0.011927648375142715
