Results, 
Num Items, 1000
Random Seed, 1
Liste Time, 0.2259040361060241
ListeTriee Time, 0.22499145092832862
Dict Time, 0.0268759003209032
