Results, 
Num Items, 100000
Random Seed, 1
Liste Time, 1001.0728438379153
ListeTriee Time, 989.2393805751133
Dict Time, 1.8387638924980365
