Results, 
Num Items, 100
Random Seed, 1
Liste Time, 0.02249976087230499
ListeTriee Time, 0.023757593074040913
Dict Time, 0.016482774390306473
