Results, 
Num Items, 1000000
Random Seed, 1
Liste Time, 8.210392961722738e-07
ListeTriee Time, 2.0525982404300674e-06
Dict Time, 18.529062122706787
