Results, 
Num Items, 10000
Random Seed, 1
Liste Time, 17.703819515857756
ListeTriee Time, 8.69740719895465
Dict Time, 0.22607029656349908
